{"type":"FeatureCollection","features":[{"type":"Feature","properties":{"municipality_id":17076043,"metropoli":76,"flag_rau":0,"region_id":17,"province_fk":76,"station_municipality_fk":17076043,"station_code":"1707621","station_eu_code":"IT1897A","altitudine":319,"regione":"BASILICATA","provincia":"Potenza","comune":"Lavello","nome_stazione":"Lavello","tipo_zona":"U","tipo_stazione":"I","zona_tipo":"IU","station_start_time":"2008-01-01","station_end_time":"NULL","nome_comune":"Lavello","Popolazione":13590,"zone_code":"IT1703","zone_name":"Zona A a maggior carico emissivo","zone_type_":"noagg","NOTE":null,"geom":"0101000020E610000066F50EB743932F404A42226DE3854440"},"geometry":{"type":"Point","coordinates":[15.787626,41.046003]}},{"type":"Feature","properties":{"municipality_id":17076098,"metropoli":76,"flag_rau":0,"region_id":17,"province_fk":76,"station_municipality_fk":17076098,"station_code":"1707625","station_eu_code":"IT2205A","altitudine":690,"regione":"BASILICATA","provincia":"Potenza","comune":"Viggiano","nome_stazione":"VIGGIANO - COSTA MOLINA SUD 1","tipo_zona":"R","tipo_stazione":"I","zona_tipo":"IR","station_start_time":"2013-03-01","station_end_time":"NULL","nome_comune":"Viggiano","Popolazione":3122,"zone_code":"IT1703","zone_name":"Zona A a maggior carico emissivo","zone_type_":"noagg","NOTE":null,"geom":"0101000020E61000000D71AC8BDBE82F40847F113466284440"},"geometry":{"type":"Point","coordinates":[15.9548,40.315619]}},{"type":"Feature","properties":{"municipality_id":15063049,"metropoli":263,"flag_rau":1,"region_id":15,"province_fk":63,"station_municipality_fk":15063049,"station_code":"1506306","station_eu_code":"IT1496A","altitudine":173,"regione":"CAMPANIA","provincia":"Napoli","comune":"Napoli","nome_stazione":"NA02 OSPEDALE SANTOBONO","tipo_zona":"U","tipo_stazione":"T","zona_tipo":"TU","station_start_time":"1994-01-01","station_end_time":"NULL","nome_comune":"Napoli","Popolazione":962003,"zone_code":"IT1507","zone_name":"Agglomerato Napoli_Caserta","zone_type_":"agg","NOTE":null,"geom":"0101000020E61000009F8EC70C54762C40E94317D4B76C4440"},"geometry":{"type":"Point","coordinates":[14.23111,40.84936]}},{"type":"Feature","properties":{"municipality_id":12056059,"metropoli":56,"flag_rau":1,"region_id":12,"province_fk":56,"station_municipality_fk":12056059,"station_code":"1205602","station_eu_code":"IT0863A","altitudine":338,"regione":"LAZIO","provincia":"Viterbo","comune":"Viterbo","nome_stazione":"VITERBO","tipo_zona":"U","tipo_stazione":"T","zona_tipo":"TU","station_start_time":"1992-04-01","station_end_time":"NULL","nome_comune":"Viterbo","Popolazione":63209,"zone_code":"IT1211","zone_name":"Zona Appenninica","zone_type_":"noagg","NOTE":null,"geom":"0101000020E61000009D685721E5372840E76F422102364540"},"geometry":{"type":"Point","coordinates":[12.10917,42.42194]}},{"type":"Feature","properties":{"municipality_id":12056001,"metropoli":56,"flag_rau":0,"region_id":12,"province_fk":56,"station_municipality_fk":12056001,"station_code":"1205604","station_eu_code":"IT2023A","altitudine":420,"regione":"LAZIO","provincia":"Viterbo","comune":"Acquapendente","nome_stazione":"ACQUAPENDENTE","tipo_zona":"R","tipo_stazione":"F","zona_tipo":"FR","station_start_time":"2010-07-22","station_end_time":"NULL","nome_comune":"Acquapendente","Popolazione":5655,"zone_code":"IT1211","zone_name":"Zona Appenninica","zone_type_":"noagg","NOTE":null,"geom":"0101000020E61000007B14AE47E1BA2740AC5626FC525F4540"},"geometry":{"type":"Point","coordinates":[11.865,42.74472]}},{"type":"Feature","properties":{"municipality_id":12057033,"metropoli":57,"flag_rau":0,"region_id":12,"province_fk":57,"station_municipality_fk":12057033,"station_code":"1205701","station_eu_code":"IT0989A","altitudine":948,"regione":"LAZIO","provincia":"Rieti","comune":"Leonessa","nome_stazione":"LEONESSA","tipo_zona":"R","tipo_stazione":"F","zona_tipo":"FR","station_start_time":"1994-10-01","station_end_time":"NULL","nome_comune":"Leonessa","Popolazione":2480,"zone_code":"IT1211","zone_name":"Zona Appenninica","zone_type_":"noagg","NOTE":null,"geom":"0101000020E6100000B72A89EC83EC2940E17A14AE47494540"},"geometry":{"type":"Point","coordinates":[12.961944,42.5725]}},{"type":"Feature","properties":{"municipality_id":12057059,"metropoli":57,"flag_rau":1,"region_id":12,"province_fk":57,"station_municipality_fk":12057059,"station_code":"1205702","station_eu_code":"IT0867A","altitudine":397,"regione":"LAZIO","provincia":"Rieti","comune":"Rieti","nome_stazione":"RIETI","tipo_zona":"U","tipo_stazione":"T","zona_tipo":"TU","station_start_time":"1992-04-09","station_end_time":"NULL","nome_comune":"Rieti","Popolazione":46187,"zone_code":"IT1211","zone_name":"Zona Appenninica","zone_type_":"noagg","NOTE":null,"geom":"0101000020E6100000F3599E0777B729401D03B2D7BB334540"},"geometry":{"type":"Point","coordinates":[12.85833,42.40417]}},{"type":"Feature","properties":{"municipality_id":12058004,"metropoli":258,"flag_rau":0,"region_id":12,"province_fk":58,"station_municipality_fk":12058004,"station_code":"1205801","station_eu_code":"IT0884A","altitudine":542,"regione":"LAZIO","provincia":"Roma","comune":"Allumiere","nome_stazione":"ALLUMIERE","tipo_zona":"R","tipo_stazione":"F","zona_tipo":"FR","station_start_time":"1993-05-24","station_end_time":"NULL","nome_comune":"Allumiere","Popolazione":4133,"zone_code":"IT1213","zone_name":"Zona Litoranea","zone_type_":"noagg","NOTE":null,"geom":"0101000020E61000005C92037635D127409F03CB1132144540"},"geometry":{"type":"Point","coordinates":[11.908611,42.157778]}},{"type":"Feature","properties":{"municipality_id":12058091,"metropoli":258,"flag_rau":1,"region_id":12,"province_fk":58,"station_municipality_fk":12058091,"station_code":"1205802","station_eu_code":"IT0825A","altitudine":43,"regione":"LAZIO","provincia":"Roma","comune":"Roma","nome_stazione":"C.SO FRANCIA","tipo_zona":"U","tipo_stazione":"T","zona_tipo":"TU","station_start_time":"1993-01-01","station_end_time":"NULL","nome_comune":"Roma","Popolazione":2617175,"zone_code":"IT1215","zone_name":"Zona Agglomerato di Roma","zone_type_":"agg","NOTE":null,"geom":"0101000020E6100000E38DCC237FF02840E17A14AE47F94440"},"geometry":{"type":"Point","coordinates":[12.46972,41.9475]}},{"type":"Feature","properties":{"municipality_id":12058091,"metropoli":258,"flag_rau":1,"region_id":12,"province_fk":58,"station_municipality_fk":12058091,"station_code":"1205803","station_eu_code":"IT0952A","altitudine":61,"regione":"LAZIO","provincia":"Roma","comune":"Roma","nome_stazione":"CASTEL DI GUIDO","tipo_zona":"R","tipo_stazione":"F","zona_tipo":"FR","station_start_time":"1997-01-01","station_end_time":"NULL","nome_comune":"Roma","Popolazione":2617175,"zone_code":"IT1215","zone_name":"Zona Agglomerato di Roma","zone_type_":"agg","NOTE":null,"geom":"0101000020E61000003E07962364882840CCCF0D4DD9F14440"},"geometry":{"type":"Point","coordinates":[12.266389,41.889444]}},{"type":"Feature","properties":{"municipality_id":12058091,"metropoli":258,"flag_rau":1,"region_id":12,"province_fk":58,"station_municipality_fk":12058091,"station_code":"1205804","station_eu_code":"IT0956A","altitudine":53,"regione":"LAZIO","provincia":"Roma","comune":"Roma","nome_stazione":"CINECITTA","tipo_zona":"U","tipo_stazione":"F","zona_tipo":"FU","station_start_time":"1998-01-13","station_end_time":"NULL","nome_comune":"Roma","Popolazione":2617175,"zone_code":"IT1215","zone_name":"Zona Agglomerato di Roma","zone_type_":"agg","NOTE":null,"geom":"0101000020E6100000AE4A22FB20232940399D64ABCBED4440"},"geometry":{"type":"Point","coordinates":[12.568611,41.857778]}},{"type":"Feature","properties":{"municipality_id":12058032,"metropoli":258,"flag_rau":0,"region_id":12,"province_fk":58,"station_municipality_fk":12058032,"station_code":"1205805","station_eu_code":"IT0885A","altitudine":26,"regione":"LAZIO","provincia":"Roma","comune":"Civitavecchia","nome_stazione":"CIVITAVECCHIA","tipo_zona":"U","tipo_stazione":"F","zona_tipo":"FU","station_start_time":"1993-01-01","station_end_time":"NULL","nome_comune":"Civitavecchia","Popolazione":51229,"zone_code":"IT1213","zone_name":"Zona Litoranea","zone_type_":"noagg","NOTE":null,"geom":"0101000020E61000007B14AE47E19A2740AC8F87BEBB0B4540"},"geometry":{"type":"Point","coordinates":[11.8025,42.091667]}},{"type":"Feature","properties":{"municipality_id":12058034,"metropoli":258,"flag_rau":0,"region_id":12,"province_fk":58,"station_municipality_fk":12058034,"station_code":"1205806","station_eu_code":"IT0888A","altitudine":219,"regione":"LAZIO","provincia":"Roma","comune":"Colleferro","nome_stazione":"COLLEFERRO OBERDAN","tipo_zona":"S","tipo_stazione":"F/I","zona_tipo":"F/IS","station_start_time":"1993-01-01","station_end_time":"NULL","nome_comune":"Colleferro","Popolazione":21574,"zone_code":"IT1212","zone_name":"Zona Valle del Sacco","zone_type_":"noagg","NOTE":null,"geom":"0101000020E6100000AC53E57B46022A4035EB8CEF8BDD4440"},"geometry":{"type":"Point","coordinates":[13.004444,41.730833]}},{"type":"Feature","properties":{"municipality_id":12058034,"metropoli":258,"flag_rau":0,"region_id":12,"province_fk":58,"station_municipality_fk":12058034,"station_code":"1205807","station_eu_code":"IT0889A","altitudine":223,"regione":"LAZIO","provincia":"Roma","comune":"Colleferro","nome_stazione":"COLLEFERRO EUROPA","tipo_zona":"S","tipo_stazione":"F/I","zona_tipo":"F/IS","station_start_time":"1993-01-01","station_end_time":"NULL","nome_comune":"Colleferro","Popolazione":21574,"zone_code":"IT1212","zone_name":"Zona Valle del Sacco","zone_type_":"noagg","NOTE":null,"geom":"0101000020E61000006F490ED8D5042A40CDCCCCCCCCDC4440"},"geometry":{"type":"Point","coordinates":[13.009444,41.725]}},{"type":"Feature","properties":{"municipality_id":12058047,"metropoli":258,"flag_rau":1,"region_id":12,"province_fk":58,"station_municipality_fk":12058047,"station_code":"1205808","station_eu_code":"IT0887A","altitudine":89,"regione":"LAZIO","provincia":"Roma","comune":"Guidonia Montecelio","nome_stazione":"GUIDONIA","tipo_zona":"S","tipo_stazione":"T","zona_tipo":"TS","station_start_time":"1993-01-01","station_end_time":"NULL","nome_comune":"Guidonia Montecelio","Popolazione":81447,"zone_code":"IT1215","zone_name":"Zona Agglomerato di Roma","zone_type_":"agg","NOTE":null,"geom":"0101000020E61000006B48DC63E9732940569A94826EFF4440"},"geometry":{"type":"Point","coordinates":[12.72639,41.99556]}},{"type":"Feature","properties":{"municipality_id":12058091,"metropoli":258,"flag_rau":1,"region_id":12,"province_fk":58,"station_municipality_fk":12058091,"station_code":"1205810","station_eu_code":"IT0828A","altitudine":49,"regione":"LAZIO","provincia":"Roma","comune":"Roma","nome_stazione":"L.GO MAGNA GRECIA","tipo_zona":"U","tipo_stazione":"T","zona_tipo":"TU","station_start_time":"1993-01-01","station_end_time":"NULL","nome_comune":"Roma","Popolazione":2617175,"zone_code":"IT1215","zone_name":"Zona Agglomerato di Roma","zone_type_":"agg","NOTE":null,"geom":"0101000020E6100000DB85E63A8D042940F0332E1C08F14440"},"geometry":{"type":"Point","coordinates":[12.50889,41.88306]}},{"type":"Feature","properties":{"municipality_id":12058091,"metropoli":258,"flag_rau":1,"region_id":12,"province_fk":58,"station_municipality_fk":12058091,"station_code":"1205817","station_eu_code":"IT0957A","altitudine":48,"regione":"LAZIO","provincia":"Roma","comune":"Roma","nome_stazione":"TENUTA DEL CAVALIERE","tipo_zona":"S","tipo_stazione":"F","zona_tipo":"FS","station_start_time":"1997-01-01","station_end_time":"NULL","nome_comune":"Roma","Popolazione":2617175,"zone_code":"IT1215","zone_name":"Zona Agglomerato di Roma","zone_type_":"agg","NOTE":null,"geom":"0101000020E6100000723447567E512940556D37C137F74440"},"geometry":{"type":"Point","coordinates":[12.659167,41.931389]}},{"type":"Feature","properties":{"municipality_id":12058091,"metropoli":258,"flag_rau":1,"region_id":12,"province_fk":58,"station_municipality_fk":12058091,"station_code":"1205820","station_eu_code":"IT0953A","altitudine":50,"regione":"LAZIO","provincia":"Roma","comune":"Roma","nome_stazione":"VILLA ADA","tipo_zona":"U","tipo_stazione":"F","zona_tipo":"FU","station_start_time":"1994-04-01","station_end_time":"NULL","nome_comune":"Roma","Popolazione":2617175,"zone_code":"IT1215","zone_name":"Zona Agglomerato di Roma","zone_type_":"agg","NOTE":null,"geom":"0101000020E61000008ECEF9298E032940D236FE4465F74440"},"geometry":{"type":"Point","coordinates":[12.506944,41.932778]}},{"type":"Feature","properties":{"municipality_id":12058032,"metropoli":258,"flag_rau":0,"region_id":12,"province_fk":58,"station_municipality_fk":12058032,"station_code":"1205823","station_eu_code":"IT2264A","altitudine":6,"regione":"LAZIO","provincia":"Roma","comune":"Civitavecchia","nome_stazione":"Civitavecchia Porto","tipo_zona":"U","tipo_stazione":"I","zona_tipo":"IU","station_start_time":"2012-05-06","station_end_time":"NULL","nome_comune":"Civitavecchia","Popolazione":51229,"zone_code":"IT1213","zone_name":"Zona Litoranea","zone_type_":"noagg","NOTE":null,"geom":"0101000020E61000006B9A779CA2932740D50968226C0C4540"},"geometry":{"type":"Point","coordinates":[11.78835,42.09705]}},{"type":"Feature","properties":{"municipality_id":12059011,"metropoli":59,"flag_rau":1,"region_id":12,"province_fk":59,"station_municipality_fk":12059011,"station_code":"1205873","station_eu_code":"IT1184A","altitudine":18,"regione":"LAZIO","provincia":"Latina","comune":"Latina","nome_stazione":"LATINA SCALO","tipo_zona":"S","tipo_stazione":"F","zona_tipo":"FS","station_start_time":"1998-07-08","station_end_time":"NULL","nome_comune":"Latina","Popolazione":117892,"zone_code":"IT1213","zone_name":"Zona Litoranea","zone_type_":"noagg","NOTE":null,"geom":"0101000020E61000008FC536A968E42940213A048E04C44440"},"geometry":{"type":"Point","coordinates":[12.946111,41.531389]}},{"type":"Feature","properties":{"municipality_id":12060038,"metropoli":60,"flag_rau":1,"region_id":12,"province_fk":60,"station_municipality_fk":12060038,"station_code":"1205874","station_eu_code":"IT1200A","altitudine":161,"regione":"LAZIO","provincia":"Frosinone","comune":"Frosinone","nome_stazione":"FROSINONE SCALO","tipo_zona":"U","tipo_stazione":"T","zona_tipo":"TU","station_start_time":"1998-12-28","station_end_time":"NULL","nome_comune":"Frosinone","Popolazione":46649,"zone_code":"IT1212","zone_name":"Zona Valle del Sacco","zone_type_":"noagg","NOTE":null,"geom":"0101000020E61000004512BD8C62A92A408FC2F5285CCF4440"},"geometry":{"type":"Point","coordinates":[13.33083,41.62]}},{"type":"Feature","properties":{"municipality_id":12060019,"metropoli":60,"flag_rau":0,"region_id":12,"province_fk":60,"station_municipality_fk":12060019,"station_code":"1205878","station_eu_code":"IT1183A","altitudine":41,"regione":"LAZIO","provincia":"Frosinone","comune":"Cassino","nome_stazione":"CASSINO","tipo_zona":"U","tipo_stazione":"T","zona_tipo":"TU","station_start_time":"1998-07-02","station_end_time":"NULL","nome_comune":"Cassino","Popolazione":33658,"zone_code":"IT1212","zone_name":"Zona Valle del Sacco","zone_type_":"noagg","NOTE":null,"geom":"0101000020E610000045BB0A293FA92B401F85EB51B8BE4440"},"geometry":{"type":"Point","coordinates":[13.83056,41.49]}},{"type":"Feature","properties":{"municipality_id":12058091,"metropoli":258,"flag_rau":1,"region_id":12,"province_fk":58,"station_municipality_fk":12058091,"station_code":"1205882","station_eu_code":"IT1837A","altitudine":26,"regione":"LAZIO","provincia":"Roma","comune":"Roma","nome_stazione":"FERMI","tipo_zona":"U","tipo_stazione":"T","zona_tipo":"TU","station_start_time":"2006-12-17","station_end_time":"NULL","nome_comune":"Roma","Popolazione":2617175,"zone_code":"IT1215","zone_name":"Zona Agglomerato di Roma","zone_type_":"agg","NOTE":null,"geom":"0101000020E610000055DE8E705AF028409817601F9DEE4440"},"geometry":{"type":"Point","coordinates":[12.46944,41.86417]}},{"type":"Feature","properties":{"municipality_id":12058091,"metropoli":258,"flag_rau":1,"region_id":12,"province_fk":58,"station_municipality_fk":12058091,"station_code":"1205883","station_eu_code":"IT1836A","altitudine":31,"regione":"LAZIO","provincia":"Roma","comune":"Roma","nome_stazione":"CIPRO","tipo_zona":"U","tipo_stazione":"F","zona_tipo":"FU","station_start_time":"2006-12-17","station_end_time":"NULL","nome_comune":"Roma","Popolazione":2617175,"zone_code":"IT1215","zone_name":"Zona Agglomerato di Roma","zone_type_":"agg","NOTE":null,"geom":"0101000020E610000085EB51B81EE52840213A048E04F44440"},"geometry":{"type":"Point","coordinates":[12.4475,41.906389]}},{"type":"Feature","properties":{"municipality_id":12058091,"metropoli":258,"flag_rau":1,"region_id":12,"province_fk":58,"station_municipality_fk":12058091,"station_code":"1205884","station_eu_code":"IT1835A","altitudine":41,"regione":"LAZIO","provincia":"Roma","comune":"Roma","nome_stazione":"BUFALOTTA","tipo_zona":"U","tipo_stazione":"F","zona_tipo":"FU","station_start_time":"2006-12-06","station_end_time":"NULL","nome_comune":"Roma","Popolazione":2617175,"zone_code":"IT1215","zone_name":"Zona Agglomerato di Roma","zone_type_":"agg","NOTE":null,"geom":"0101000020E61000005C9203763511294024EF1CCA50F94440"},"geometry":{"type":"Point","coordinates":[12.533611,41.947778]}},{"type":"Feature","properties":{"municipality_id":12058091,"metropoli":258,"flag_rau":1,"region_id":12,"province_fk":58,"station_municipality_fk":12058091,"station_code":"1205885","station_eu_code":"IT1834A","altitudine":32,"regione":"LAZIO","provincia":"Roma","comune":"Roma","nome_stazione":"TIBURTINA","tipo_zona":"U","tipo_stazione":"T","zona_tipo":"TU","station_start_time":"2006-12-06","station_end_time":"NULL","nome_comune":"Roma","Popolazione":2617175,"zone_code":"IT1215","zone_name":"Zona Agglomerato di Roma","zone_type_":"agg","NOTE":null,"geom":"0101000020E6100000F0332E1C08192940F819170E84F44440"},"geometry":{"type":"Point","coordinates":[12.54889,41.91028]}},{"type":"Feature","properties":{"municipality_id":12058118,"metropoli":258,"flag_rau":0,"region_id":12,"province_fk":58,"station_municipality_fk":12058118,"station_code":"1205886","station_eu_code":"IT1841A","altitudine":134,"regione":"LAZIO","provincia":"Roma","comune":"Ciampino","nome_stazione":"CIAMPINO","tipo_zona":"U","tipo_stazione":"T","zona_tipo":"TU","station_start_time":"2006-12-04","station_end_time":"NULL","nome_comune":"Ciampino","Popolazione":37235,"zone_code":"IT1215","zone_name":"Zona Agglomerato di Roma","zone_type_":"agg","NOTE":null,"geom":"0101000020E6100000BB44F5D6C036294092B3B0A71DE64440"},"geometry":{"type":"Point","coordinates":[12.60694,41.79778]}},{"type":"Feature","properties":{"municipality_id":12058091,"metropoli":258,"flag_rau":1,"region_id":12,"province_fk":58,"station_municipality_fk":12058091,"station_code":"1205887","station_eu_code":"IT1906A","altitudine":31,"regione":"LAZIO","provincia":"Roma","comune":"Roma","nome_stazione":"ARENULA","tipo_zona":"U","tipo_stazione":"F","zona_tipo":"FU","station_start_time":"2008-02-03","station_end_time":"NULL","nome_comune":"Roma","Popolazione":2617175,"zone_code":"IT1215","zone_name":"Zona Agglomerato di Roma","zone_type_":"agg","NOTE":null,"geom":"0101000020E61000003E0455A357F3284088A06AF46AF24440"},"geometry":{"type":"Point","coordinates":[12.475278,41.893889]}},{"type":"Feature","properties":{"municipality_id":12058091,"metropoli":258,"flag_rau":1,"region_id":12,"province_fk":58,"station_municipality_fk":12058091,"station_code":"1205888","station_eu_code":"IT2012A","altitudine":55,"regione":"LAZIO","provincia":"Roma","comune":"Roma","nome_stazione":"MALAGROTTA","tipo_zona":"S","tipo_stazione":"F","zona_tipo":"FS","station_start_time":"2010-02-22","station_end_time":"NULL","nome_comune":"Roma","Popolazione":2617175,"zone_code":"IT1215","zone_name":"Zona Agglomerato di Roma","zone_type_":"agg","NOTE":null,"geom":"0101000020E6100000713D0AD7A3B0284086E8103812F04440"},"geometry":{"type":"Point","coordinates":[12.345,41.875556]}},{"type":"Feature","properties":{"municipality_id":12058032,"metropoli":258,"flag_rau":0,"region_id":12,"province_fk":58,"station_municipality_fk":12058032,"station_code":"1205890","station_eu_code":"IT2172A","altitudine":-9999,"regione":"LAZIO","provincia":"Roma","comune":"Civitavecchia","nome_stazione":"Civitavecchia- Villa Albani","tipo_zona":"U","tipo_stazione":"T","zona_tipo":"TU","station_start_time":"2012-10-30","station_end_time":"NULL","nome_comune":"Civitavecchia","Popolazione":51229,"zone_code":"IT1213","zone_name":"Zona Litoranea","zone_type_":"noagg","NOTE":null,"geom":"0101000020E6100000D47D00529B98274006F52D73BA0C4540"},"geometry":{"type":"Point","coordinates":[11.79806,42.09944]}},{"type":"Feature","properties":{"municipality_id":12059001,"metropoli":59,"flag_rau":0,"region_id":12,"province_fk":59,"station_municipality_fk":12059001,"station_code":"1205902","station_eu_code":"IT0865A","altitudine":83,"regione":"LAZIO","provincia":"Latina","comune":"Aprilia","nome_stazione":"APRILIA 2","tipo_zona":"U","tipo_stazione":"F","zona_tipo":"FU","station_start_time":"1993-01-01","station_end_time":"NULL","nome_comune":"Aprilia","Popolazione":66979,"zone_code":"IT1213","zone_name":"Zona Litoranea","zone_type_":"noagg","NOTE":null,"geom":"0101000020E6100000999CDA19A64E29409F03CB1132CC4440"},"geometry":{"type":"Point","coordinates":[12.653611,41.595278]}},{"type":"Feature","properties":{"municipality_id":12059011,"metropoli":59,"flag_rau":1,"region_id":12,"province_fk":59,"station_municipality_fk":12059011,"station_code":"1205906","station_eu_code":"IT0869A","altitudine":21,"regione":"LAZIO","provincia":"Latina","comune":"Latina","nome_stazione":"LT TASSO","tipo_zona":"U","tipo_stazione":"F","zona_tipo":"FU","station_start_time":"1992-04-03","station_end_time":"NULL","nome_comune":"Latina","Popolazione":117892,"zone_code":"IT1213","zone_name":"Zona Litoranea","zone_type_":"noagg","NOTE":null,"geom":"0101000020E610000049D576137CD32940B1FCF9B660BB4440"},"geometry":{"type":"Point","coordinates":[12.913056,41.463889]}},{"type":"Feature","properties":{"municipality_id":12059009,"metropoli":59,"flag_rau":0,"region_id":12,"province_fk":59,"station_municipality_fk":12059009,"station_code":"1205907","station_eu_code":"IT2173A","altitudine":-9999,"regione":"LAZIO","provincia":"Latina","comune":"Gaeta","nome_stazione":"Gaeta Porto","tipo_zona":"U","tipo_stazione":"F","zona_tipo":"FU","station_start_time":"2013-10-07","station_end_time":"NULL","nome_comune":"Gaeta","Popolazione":20762,"zone_code":"IT1213","zone_name":"Zona Litoranea","zone_type_":"noagg","NOTE":null,"geom":"0101000020E610000032207BBDFB232B40DB85E63A8D9C4440"},"geometry":{"type":"Point","coordinates":[13.57028,41.22306]}},{"type":"Feature","properties":{"municipality_id":12060003,"metropoli":60,"flag_rau":0,"region_id":12,"province_fk":60,"station_municipality_fk":12060003,"station_code":"1206001","station_eu_code":"IT0991A","altitudine":445,"regione":"LAZIO","provincia":"Frosinone","comune":"Alatri","nome_stazione":"ALATRI","tipo_zona":"U","tipo_stazione":"F","zona_tipo":"FU","station_start_time":"1995-01-01","station_end_time":"NULL","nome_comune":"Alatri","Popolazione":28609,"zone_code":"IT1212","zone_name":"Zona Valle del Sacco","zone_type_":"noagg","NOTE":null,"geom":"0101000020E6100000E882FA9639AD2A403D0AD7A370DD4440"},"geometry":{"type":"Point","coordinates":[13.33833,41.73]}},{"type":"Feature","properties":{"municipality_id":12060006,"metropoli":60,"flag_rau":0,"region_id":12,"province_fk":60,"station_municipality_fk":12060006,"station_code":"1206002","station_eu_code":"IT0870A","altitudine":401,"regione":"LAZIO","provincia":"Frosinone","comune":"Anagni","nome_stazione":"ANAGNI","tipo_zona":"U","tipo_stazione":"F","zona_tipo":"FU","station_start_time":"1994-01-01","station_end_time":"NULL","nome_comune":"Anagni","Popolazione":21441,"zone_code":"IT1212","zone_name":"Zona Valle del Sacco","zone_type_":"noagg","NOTE":null,"geom":"0101000020E6100000C2FBAA5CA84C2A400000000000E04440"},"geometry":{"type":"Point","coordinates":[13.149722,41.75]}},{"type":"Feature","properties":{"municipality_id":12060033,"metropoli":60,"flag_rau":0,"region_id":12,"province_fk":60,"station_municipality_fk":12060033,"station_code":"1206004","station_eu_code":"IT0871A","altitudine":316,"regione":"LAZIO","provincia":"Frosinone","comune":"Ferentino","nome_stazione":"FERENTINO","tipo_zona":"U","tipo_stazione":"T","zona_tipo":"TU","station_start_time":"1992-07-01","station_end_time":"NULL","nome_comune":"Ferentino","Popolazione":20966,"zone_code":"IT1212","zone_name":"Zona Valle del Sacco","zone_type_":"noagg","NOTE":null,"geom":"0101000020E61000008EAF3DB324802A40B81E85EB51D84440"},"geometry":{"type":"Point","coordinates":[13.25028,41.69]}},{"type":"Feature","properties":{"municipality_id":12060037,"metropoli":60,"flag_rau":0,"region_id":12,"province_fk":60,"station_municipality_fk":12060037,"station_code":"1206005","station_eu_code":"IT0992A","altitudine":388,"regione":"LAZIO","provincia":"Frosinone","comune":"Fontechiari","nome_stazione":"FONTECHIARI","tipo_zona":"R","tipo_stazione":"F","zona_tipo":"FR","station_start_time":"1995-01-01","station_end_time":"NULL","nome_comune":"Fontechiari","Popolazione":1318,"zone_code":"IT1212","zone_name":"Zona Valle del Sacco","zone_type_":"noagg","NOTE":null,"geom":"0101000020E610000083F755B950592B40F6285C8FC2D54440"},"geometry":{"type":"Point","coordinates":[13.674444,41.67]}},{"type":"Feature","properties":{"municipality_id":12060038,"metropoli":60,"flag_rau":1,"region_id":12,"province_fk":60,"station_municipality_fk":12060038,"station_code":"1206008","station_eu_code":"IT2013A","altitudine":255,"regione":"LAZIO","provincia":"Frosinone","comune":"Frosinone","nome_stazione":"FROSINONE MAZZINI","tipo_zona":"U","tipo_stazione":"F","zona_tipo":"FU","station_start_time":"2010-09-01","station_end_time":"NULL","nome_comune":"Frosinone","Popolazione":46649,"zone_code":"IT1212","zone_name":"Zona Valle del Sacco","zone_type_":"noagg","NOTE":null,"geom":"0101000020E6100000656F29E78BA52A401763601DC7D14440"},"geometry":{"type":"Point","coordinates":[13.323333,41.638889]}},{"type":"Feature","properties":{"municipality_id":4021011,"metropoli":21,"flag_rau":0,"region_id":41,"province_fk":21,"station_municipality_fk":4021011,"station_code":"402101","station_eu_code":"IT0507A","altitudine":564,"regione":"PA_BOLZANO","provincia":"Bolzano","comune":"Bressanone","nome_stazione":"BX1 Bressanone","tipo_zona":"U","tipo_stazione":"F","zona_tipo":"FU","station_start_time":"1990-10-24","station_end_time":"NULL","nome_comune":"Bressanone","Popolazione":20677,"zone_code":"IT0445","zone_name":"South Tyrol","zone_type_":"noagg","NOTE":null,"geom":"0101000020E610000073637AC2124F2740CFBD874B8E5B4740"},"geometry":{"type":"Point","coordinates":[11.65444,46.71528]}},{"type":"Feature","properties":{"municipality_id":4021013,"metropoli":21,"flag_rau":0,"region_id":41,"province_fk":21,"station_municipality_fk":4021013,"station_code":"402102","station_eu_code":"IT0508A","altitudine":830,"regione":"PA_BOLZANO","provincia":"Bolzano","comune":"Brunico","nome_stazione":"BR1 Brunico","tipo_zona":"U","tipo_stazione":"F","zona_tipo":"FU","station_start_time":"1990-09-27","station_end_time":"NULL","nome_comune":"Brunico","Popolazione":15397,"zone_code":"IT0445","zone_name":"South Tyrol","zone_type_":"noagg","NOTE":null,"geom":"0101000020E6100000C1E270E657E3274075E5B33C0F664740"},"geometry":{"type":"Point","coordinates":[11.94403,46.79734]}},{"type":"Feature","properties":{"municipality_id":4021037,"metropoli":21,"flag_rau":0,"region_id":41,"province_fk":21,"station_municipality_fk":4021037,"station_code":"402106","station_eu_code":"IT0499A","altitudine":640,"regione":"PA_BOLZANO","provincia":"Bolzano","comune":"Laces","nome_stazione":"LA1 Laces","tipo_zona":"U","tipo_stazione":"F","zona_tipo":"FU","station_start_time":"1993-01-02","station_end_time":"NULL","nome_comune":"Laces","Popolazione":5126,"zone_code":"IT0445","zone_name":"South Tyrol","zone_type_":"noagg","NOTE":null,"geom":"0101000020E61000000EF3E505D8B725407A19C5724B4F4740"},"geometry":{"type":"Point","coordinates":[10.85907,46.61949]}},{"type":"Feature","properties":{"municipality_id":4021051,"metropoli":21,"flag_rau":0,"region_id":41,"province_fk":21,"station_municipality_fk":4021051,"station_code":"402112","station_eu_code":"IT1335A","altitudine":297,"regione":"PA_BOLZANO","provincia":"Bolzano","comune":"Merano","nome_stazione":"ME1 Merano","tipo_zona":"U","tipo_stazione":"T","zona_tipo":"TU","station_start_time":"1990-09-25","station_end_time":"NULL","nome_comune":"Merano","Popolazione":37368,"zone_code":"IT0445","zone_name":"South Tyrol","zone_type_":"noagg","NOTE":null,"geom":"0101000020E610000017D4B7CCE9522640E960FD9FC3544740"},"geometry":{"type":"Point","coordinates":[11.16194,46.66222]}},{"type":"Feature","properties":{"municipality_id":4021008,"metropoli":21,"flag_rau":1,"region_id":41,"province_fk":21,"station_municipality_fk":4021008,"station_code":"402114","station_eu_code":"IT1334A","altitudine":260,"regione":"PA_BOLZANO","provincia":"Bolzano","comune":"Bolzano","nome_stazione":"BZ5 piazza Adriano","tipo_zona":"U","tipo_stazione":"T","zona_tipo":"TU","station_start_time":"1998-10-21","station_end_time":"NULL","nome_comune":"Bolzano","Popolazione":102575,"zone_code":"IT0445","zone_name":"South Tyrol","zone_type_":"noagg","NOTE":null,"geom":"0101000020E61000003CF71E2E39AE2640732EC555653F4740"},"geometry":{"type":"Point","coordinates":[11.34028,46.49528]}},{"type":"Feature","properties":{"municipality_id":16073027,"metropoli":73,"flag_rau":1,"region_id":16,"province_fk":73,"station_municipality_fk":16073027,"station_code":"1607375","station_eu_code":"IT1613A","altitudine":10,"regione":"PUGLIA","provincia":"Taranto","comune":"Taranto","nome_stazione":"taranto ADIGE","tipo_zona":"U","tipo_stazione":"T","zona_tipo":"TU","station_start_time":"2004-05-01","station_end_time":"NULL","nome_comune":"Taranto","Popolazione":200154,"zone_code":"IT1613","zone_name":"Industriale","zone_type_":"noagg","NOTE":null,"geom":"0101000020E6100000A9DDAF027C4331400ADAE4F0493F4440"},"geometry":{"type":"Point","coordinates":[17.263611,40.494444]}},{"type":"Feature","properties":{"municipality_id":16073027,"metropoli":73,"flag_rau":1,"region_id":16,"province_fk":73,"station_municipality_fk":16073027,"station_code":"1607377","station_eu_code":"IT1611A","altitudine":10,"regione":"PUGLIA","provincia":"Taranto","comune":"Taranto","nome_stazione":"taranto MACHIAVELLI","tipo_zona":"S","tipo_stazione":"I","zona_tipo":"IS","station_start_time":"2004-05-01","station_end_time":"NULL","nome_comune":"Taranto","Popolazione":200154,"zone_code":"IT1613","zone_name":"Industriale","zone_type_":"noagg","NOTE":null,"geom":"0101000020E6100000A774B0FECF393140D13FC1C58A3E4440"},"geometry":{"type":"Point","coordinates":[17.22583,40.48861]}},{"type":"Feature","properties":{"municipality_id":16073027,"metropoli":73,"flag_rau":1,"region_id":16,"province_fk":73,"station_municipality_fk":16073027,"station_code":"1607378","station_eu_code":"IT1609A","altitudine":10,"regione":"PUGLIA","provincia":"Taranto","comune":"Taranto","nome_stazione":"Taranto CISI","tipo_zona":"S","tipo_stazione":"I","zona_tipo":"IS","station_start_time":"2004-05-01","station_end_time":"NULL","nome_comune":"Taranto","Popolazione":200154,"zone_code":"IT1613","zone_name":"Industriale","zone_type_":"noagg","NOTE":null,"geom":"0101000020E610000007D3307C443431402DCF83BBB3424440"},"geometry":{"type":"Point","coordinates":[17.20417,40.52111]}},{"type":"Feature","properties":{"municipality_id":16073027,"metropoli":73,"flag_rau":1,"region_id":16,"province_fk":73,"station_municipality_fk":16073027,"station_code":"1607380","station_eu_code":"IT1614A","altitudine":10,"regione":"PUGLIA","provincia":"Taranto","comune":"Taranto","nome_stazione":"TALSANO","tipo_zona":"U","tipo_stazione":"F","zona_tipo":"FU","station_start_time":"2004-05-01","station_end_time":"NULL","nome_comune":"Taranto","Popolazione":200154,"zone_code":"IT1613","zone_name":"Industriale","zone_type_":"noagg","NOTE":null,"geom":"0101000020E610000054A9D903AD48314006F52D73BA344440"},"geometry":{"type":"Point","coordinates":[17.28389,40.41194]}},{"type":"Feature","properties":{"municipality_id":16074018,"metropoli":74,"flag_rau":0,"region_id":16,"province_fk":74,"station_municipality_fk":16074018,"station_code":"1607410","station_eu_code":"IT1658A","altitudine":10,"regione":"PUGLIA","provincia":"Brindisi","comune":"Torchiarolo","nome_stazione":"TORCHIAROLO","tipo_zona":"S","tipo_stazione":"I","zona_tipo":"IS","station_start_time":"2004-05-01","station_end_time":"NULL","nome_comune":"Torchiarolo","Popolazione":5461,"zone_code":"IT1613","zone_name":"Industriale","zone_type_":"noagg","NOTE":null,"geom":"0101000020E610000012BD8C62B90D32402D3E05C0783E4440"},"geometry":{"type":"Point","coordinates":[18.05361,40.48806]}},{"type":"Feature","properties":{"municipality_id":16074001,"metropoli":74,"flag_rau":1,"region_id":16,"province_fk":74,"station_municipality_fk":16074001,"station_code":"1607418","station_eu_code":"IT1704A","altitudine":10,"regione":"PUGLIA","provincia":"Brindisi","comune":"Brindisi","nome_stazione":"brindisi SISRI","tipo_zona":"S","tipo_stazione":"I","zona_tipo":"IS","station_start_time":"2004-05-01","station_end_time":"NULL","nome_comune":"Brindisi","Popolazione":88812,"zone_code":"IT1613","zone_name":"Industriale","zone_type_":"noagg","NOTE":null,"geom":"0101000020E61000009886E12362FA3140732EC555654F4440"},"geometry":{"type":"Point","coordinates":[17.97806,40.62028]}},{"type":"Feature","properties":{"municipality_id":16074003,"metropoli":74,"flag_rau":0,"region_id":16,"province_fk":74,"station_municipality_fk":16074003,"station_code":"1607426","station_eu_code":"IT2148A","altitudine":100,"regione":"PUGLIA","provincia":"Brindisi","comune":"Ceglie Messapica","nome_stazione":"Ceglie Messapica","tipo_zona":"S","tipo_stazione":"F","zona_tipo":"FS","station_start_time":"2014-04-01","station_end_time":"NULL","nome_comune":"Ceglie Messapica","Popolazione":20209,"zone_code":"IT1611","zone_name":"Collinare","zone_type_":"noagg","NOTE":null,"geom":"0101000020E61000003333333333833140ACC5A70018534440"},"geometry":{"type":"Point","coordinates":[17.5125,40.64917]}},{"type":"Feature","properties":{"municipality_id":16074018,"metropoli":74,"flag_rau":0,"region_id":16,"province_fk":74,"station_municipality_fk":16074018,"station_code":"1607428","station_eu_code":"IT2151A","altitudine":50,"regione":"PUGLIA","provincia":"Brindisi","comune":"Torchiarolo","nome_stazione":"Torchiarolo ENEL","tipo_zona":"S","tipo_stazione":"F","zona_tipo":"FS","station_start_time":"2014-01-01","station_end_time":"NULL","nome_comune":"Torchiarolo","Popolazione":5461,"zone_code":"IT1613","zone_name":"Industriale","zone_type_":"noagg","NOTE":null,"geom":"0101000020E610000095B7239C160C324058AD4CF8A53E4440"},"geometry":{"type":"Point","coordinates":[18.04722,40.48944]}},{"type":"Feature","properties":{"municipality_id":16075083,"metropoli":75,"flag_rau":0,"region_id":16,"province_fk":75,"station_municipality_fk":16075083,"station_code":"1607591","station_eu_code":"IT2150A","altitudine":100,"regione":"PUGLIA","provincia":"Lecce","comune":"Surbo","nome_stazione":"Surbo ENEL","tipo_zona":"R","tipo_stazione":"F","zona_tipo":"FR","station_start_time":"2014-01-01","station_end_time":"NULL","nome_comune":"Surbo","Popolazione":14849,"zone_code":"IT1612","zone_name":"Pianura","zone_type_":"noagg","NOTE":null,"geom":"0101000020E6100000000000000020324072BF4351A0334440"},"geometry":{"type":"Point","coordinates":[18.125,40.40333]}},{"type":"Feature","properties":{"municipality_id":20090058,"metropoli":90,"flag_rau":0,"region_id":20,"province_fk":90,"station_municipality_fk":20090058,"station_code":"2009001","station_eu_code":"IT1347A","altitudine":15,"regione":"SARDEGNA","provincia":"Sassari","comune":"Porto Torres","nome_stazione":"CENSS3","tipo_zona":"S","tipo_stazione":"I","zona_tipo":"IS","station_start_time":"1994-08-30","station_end_time":"NULL","nome_comune":"Porto Torres","Popolazione":22391,"zone_code":"IT2009","zone_name":"Zona Industriale","zone_type_":"noagg","NOTE":null,"geom":"0101000020E6100000C3EFA65B76B82040B81E85EB51684440"},"geometry":{"type":"Point","coordinates":[8.360278,40.815]}},{"type":"Feature","properties":{"municipality_id":20090058,"metropoli":90,"flag_rau":0,"region_id":20,"province_fk":90,"station_municipality_fk":20090058,"station_code":"2009011","station_eu_code":"IT1383A","altitudine":18,"regione":"SARDEGNA","provincia":"Sassari","comune":"Porto Torres","nome_stazione":"CENSS4","tipo_zona":"R-nearcity","tipo_stazione":"I","zona_tipo":"IR-nearcity","station_start_time":"1981-11-22","station_end_time":"NULL","nome_comune":"Porto Torres","Popolazione":22391,"zone_code":"IT2009","zone_name":"Zona Industriale","zone_type_":"noagg","NOTE":null,"geom":"0101000020E61000001F82AAD1ABC920403D0D18247D6A4440"},"geometry":{"type":"Point","coordinates":[8.393889,40.831944]}},{"type":"Feature","properties":{"municipality_id":20090064,"metropoli":90,"flag_rau":1,"region_id":20,"province_fk":90,"station_municipality_fk":20090064,"station_code":"2009015","station_eu_code":"IT1243A","altitudine":192,"regione":"SARDEGNA","provincia":"Sassari","comune":"Sassari","nome_stazione":"CENS12","tipo_zona":"S","tipo_stazione":"T","zona_tipo":"TS","station_start_time":"1999-08-01","station_end_time":"NULL","nome_comune":"Sassari","Popolazione":123782,"zone_code":"IT2008","zone_name":"Zona Urbana","zone_type_":"noagg","NOTE":null,"geom":"0101000020E6100000D1AE42CA4F1A21405E807D74EA5A4440"},"geometry":{"type":"Point","coordinates":[8.55139,40.71028]}},{"type":"Feature","properties":{"municipality_id":20090047,"metropoli":90,"flag_rau":1,"region_id":20,"province_fk":104,"station_municipality_fk":20104017,"station_code":"2009017","station_eu_code":"IT1309A","altitudine":15,"regione":"SARDEGNA","provincia":"Olbia-Tempio","comune":"Olbia","nome_stazione":"CENS10","tipo_zona":"U","tipo_stazione":"T","zona_tipo":"TU","station_start_time":"1999-08-01","station_end_time":"NULL","nome_comune":"Olbia","Popolazione":53307,"zone_code":"IT2008","zone_name":"Zona Urbana","zone_type_":"noagg","NOTE":null,"geom":"0101000020E610000001F73C7FDA0023401766A19DD3764440"},"geometry":{"type":"Point","coordinates":[9.501667,40.928333]}},{"type":"Feature","properties":{"municipality_id":20090064,"metropoli":90,"flag_rau":1,"region_id":20,"province_fk":90,"station_municipality_fk":20090064,"station_code":"2009021","station_eu_code":"IT2009A","altitudine":275,"regione":"SARDEGNA","provincia":"Sassari","comune":"Sassari","nome_stazione":"CENS16","tipo_zona":"U","tipo_stazione":"F","zona_tipo":"FU","station_start_time":"2011-02-09","station_end_time":"NULL","nome_comune":"Sassari","Popolazione":123782,"zone_code":"IT2008","zone_name":"Zona Urbana","zone_type_":"noagg","NOTE":null,"geom":"0101000020E610000010CCD1E3F726214006F52D73BA5C4440"},"geometry":{"type":"Point","coordinates":[8.57611,40.72444]}},{"type":"Feature","properties":{"municipality_id":20090058,"metropoli":90,"flag_rau":0,"region_id":20,"province_fk":90,"station_municipality_fk":20090058,"station_code":"2009022","station_eu_code":"IT2010A","altitudine":16,"regione":"SARDEGNA","provincia":"Sassari","comune":"Porto Torres","nome_stazione":"CENPT1","tipo_zona":"U","tipo_stazione":"F","zona_tipo":"FU","station_start_time":"2011-02-04","station_end_time":"NULL","nome_comune":"Porto Torres","Popolazione":22391,"zone_code":"IT2009","zone_name":"Zona Industriale","zone_type_":"noagg","NOTE":null,"geom":"0101000020E61000009A93179980CF204088A06AF46A6A4440"},"geometry":{"type":"Point","coordinates":[8.405278,40.831389]}},{"type":"Feature","properties":{"municipality_id":20090003,"metropoli":90,"flag_rau":0,"region_id":20,"province_fk":90,"station_municipality_fk":20090003,"station_code":"2009024","station_eu_code":"IT2059A","altitudine":25,"regione":"SARDEGNA","provincia":"Sassari","comune":"Alghero","nome_stazione":"CEALG1","tipo_zona":"U","tipo_stazione":"F","zona_tipo":"FU","station_start_time":"2012-02-01","station_end_time":"NULL","nome_comune":"Alghero","Popolazione":40641,"zone_code":"IT2010","zone_name":"Zona Rurale","zone_type_":"noagg","NOTE":null,"geom":"0101000020E61000005B9544F641A620401766A19DD3464440"},"geometry":{"type":"Point","coordinates":[8.324722,40.553333]}},{"type":"Feature","properties":{"municipality_id":20091085,"metropoli":91,"flag_rau":0,"region_id":20,"province_fk":91,"station_municipality_fk":20091085,"station_code":"2009106","station_eu_code":"IT1277A","altitudine":39,"regione":"SARDEGNA","provincia":"Nuoro","comune":"Siniscola","nome_stazione":"CENSN1","tipo_zona":"U","tipo_stazione":"F","zona_tipo":"FU","station_start_time":"1998-03-01","station_end_time":"NULL","nome_comune":"Siniscola","Popolazione":11469,"zone_code":"IT2010","zone_name":"Zona Rurale","zone_type_":"noagg","NOTE":null,"geom":"0101000020E61000008811C2A38D6323409A99999999494440"},"geometry":{"type":"Point","coordinates":[9.69444,40.575]}},{"type":"Feature","properties":{"municipality_id":20091044,"metropoli":91,"flag_rau":0,"region_id":20,"province_fk":91,"station_municipality_fk":20091044,"station_code":"2009109","station_eu_code":"IT1996A","altitudine":532,"regione":"SARDEGNA","provincia":"Nuoro","comune":"Macomer","nome_stazione":"CENMA1","tipo_zona":"R-nearcity","tipo_stazione":"F","zona_tipo":"FR-nearcity","station_start_time":"2010-04-29","station_end_time":"NULL","nome_comune":"Macomer","Popolazione":10511,"zone_code":"IT2010","zone_name":"Zona Rurale","zone_type_":"noagg","NOTE":null,"geom":"0101000020E610000002F4FBFECD8B2140EE06D15AD1204440"},"geometry":{"type":"Point","coordinates":[8.773056,40.256389]}},{"type":"Feature","properties":{"municipality_id":20092003,"metropoli":292,"flag_rau":0,"region_id":20,"province_fk":92,"station_municipality_fk":20092003,"station_code":"2009204","station_eu_code":"IT1397A","altitudine":9,"regione":"SARDEGNA","provincia":"Cagliari","comune":"Assemini","nome_stazione":"CENAS8","tipo_zona":"S","tipo_stazione":"I","zona_tipo":"IS","station_start_time":"1998-03-01","station_end_time":"NULL","nome_comune":"Assemini","Popolazione":26620,"zone_code":"IT2009","zone_name":"Zona Industriale","zone_type_":"noagg","NOTE":null,"geom":"0101000020E61000001D8EAED2DDFD2140000341800C9D4340"},"geometry":{"type":"Point","coordinates":[8.995833,39.226944]}},{"type":"Feature","properties":{"municipality_id":20092066,"metropoli":292,"flag_rau":0,"region_id":20,"province_fk":92,"station_municipality_fk":20092066,"station_code":"2009211","station_eu_code":"IT1269A","altitudine":22,"regione":"SARDEGNA","provincia":"Cagliari","comune":"Sarroch","nome_stazione":"CENSA2","tipo_zona":"S","tipo_stazione":"I","zona_tipo":"IS","station_start_time":"1998-03-01","station_end_time":"NULL","nome_comune":"Sarroch","Popolazione":5198,"zone_code":"IT2009","zone_name":"Zona Industriale","zone_type_":"noagg","NOTE":null,"geom":"0101000020E610000049D8B79388082240295C8FC2F5884340"},"geometry":{"type":"Point","coordinates":[9.016667,39.07]}},{"type":"Feature","properties":{"municipality_id":20111047,"metropoli":111,"flag_rau":0,"region_id":20,"province_fk":92,"station_municipality_fk":20092042,"station_code":"2009213","station_eu_code":"IT1375A","altitudine":124,"regione":"SARDEGNA","provincia":"Cagliari","comune":"Nuraminis","nome_stazione":"CENNM1","tipo_zona":"R","tipo_stazione":"F","zona_tipo":"FR","station_start_time":"2000-12-02","station_end_time":"NULL","nome_comune":"Nuraminis","Popolazione":2606,"zone_code":"IT2010","zone_name":"Zona Rurale","zone_type_":"noagg","NOTE":null,"geom":"0101000020E610000053B29C84D2072240AB92C83EC8B84340"},"geometry":{"type":"Point","coordinates":[9.015278,39.443611]}},{"type":"Feature","properties":{"municipality_id":20111057,"metropoli":111,"flag_rau":0,"region_id":20,"province_fk":107,"station_municipality_fk":20107016,"station_code":"2009221","station_eu_code":"IT1575A","altitudine":16,"regione":"SARDEGNA","provincia":"Carbonia-Iglesias","comune":"Portoscuso","nome_stazione":"CENPS6","tipo_zona":"R-nearcity","tipo_stazione":"I","zona_tipo":"IR-nearcity","station_start_time":"2001-03-22","station_end_time":"NULL","nome_comune":"Portoscuso","Popolazione":5236,"zone_code":"IT2009","zone_name":"Zona Industriale","zone_type_":"noagg","NOTE":null,"geom":"0101000020E6100000EA3E00A94DDC20403B191C25AF964340"},"geometry":{"type":"Point","coordinates":[8.43028,39.17722]}},{"type":"Feature","properties":{"municipality_id":20111057,"metropoli":111,"flag_rau":0,"region_id":20,"province_fk":107,"station_municipality_fk":20107016,"station_code":"2009222","station_eu_code":"IT1576A","altitudine":25,"regione":"SARDEGNA","provincia":"Carbonia-Iglesias","comune":"Portoscuso","nome_stazione":"CENPS7","tipo_zona":"S","tipo_stazione":"F","zona_tipo":"FS","station_start_time":"2001-03-29","station_end_time":"NULL","nome_comune":"Portoscuso","Popolazione":5236,"zone_code":"IT2009","zone_name":"Zona Industriale","zone_type_":"noagg","NOTE":null,"geom":"0101000020E610000070404B57B0C520404A99D4D0069A4340"},"geometry":{"type":"Point","coordinates":[8.386111,39.203333]}},{"type":"Feature","properties":{"municipality_id":20092109,"metropoli":292,"flag_rau":0,"region_id":20,"province_fk":92,"station_municipality_fk":20092109,"station_code":"2009238","station_eu_code":"IT1993A","altitudine":15,"regione":"SARDEGNA","provincia":"Cagliari","comune":"Monserrato","nome_stazione":"CENMO1","tipo_zona":"U","tipo_stazione":"F","zona_tipo":"FU","station_start_time":"2010-05-24","station_end_time":"NULL","nome_comune":"Monserrato","Popolazione":20449,"zone_code":"IT2007","zone_name":"Agglomerato di Cagliari","zone_type_":"agg","NOTE":null,"geom":"0101000020E61000007B116DC7D4452240676325E659A14340"},"geometry":{"type":"Point","coordinates":[9.136389,39.260556]}},{"type":"Feature","properties":{"municipality_id":20111082,"metropoli":111,"flag_rau":0,"region_id":20,"province_fk":92,"station_municipality_fk":20092121,"station_code":"2009239","station_eu_code":"IT2011A","altitudine":736,"regione":"SARDEGNA","provincia":"Cagliari","comune":"Seulo","nome_stazione":"CENSE0","tipo_zona":"R-remote","tipo_stazione":"F","zona_tipo":"FR-remote","station_start_time":"2011-04-06","station_end_time":"NULL","nome_comune":"Seulo","Popolazione":897,"zone_code":"IT2010","zone_name":"Zona Rurale","zone_type_":"noagg","NOTE":null,"geom":"0101000020E6100000A46DFC89CA6E2240A4703D0AD7EB4340"},"geometry":{"type":"Point","coordinates":[9.216389,39.8425]}},{"type":"Feature","properties":{"municipality_id":20092051,"metropoli":292,"flag_rau":1,"region_id":20,"province_fk":92,"station_municipality_fk":20092051,"station_code":"2009240","station_eu_code":"IT2040A","altitudine":8,"regione":"SARDEGNA","provincia":"Cagliari","comune":"Quartu Sant'Elena","nome_stazione":"CENQU1","tipo_zona":"U","tipo_stazione":"F","zona_tipo":"FU","station_start_time":"2011-05-19","station_end_time":"NULL","nome_comune":"Quartu Sant'Elena","Popolazione":69296,"zone_code":"IT2007","zone_name":"Agglomerato di Cagliari","zone_type_":"agg","NOTE":null,"geom":"0101000020E610000016A243E048602240399D64ABCB9D4340"},"geometry":{"type":"Point","coordinates":[9.188056,39.232778]}},{"type":"Feature","properties":{"municipality_id":20092003,"metropoli":292,"flag_rau":0,"region_id":20,"province_fk":92,"station_municipality_fk":20092003,"station_code":"2009241","station_eu_code":"IT2049A","altitudine":5,"regione":"SARDEGNA","provincia":"Cagliari","comune":"Assemini","nome_stazione":"CENAS9","tipo_zona":"U","tipo_stazione":"F","zona_tipo":"FU","station_start_time":"2011-10-05","station_end_time":"NULL","nome_comune":"Assemini","Popolazione":26620,"zone_code":"IT2009","zone_name":"Zona Industriale","zone_type_":"noagg","NOTE":null,"geom":"0101000020E61000007B116DC7D405224092770E65A8A44340"},"geometry":{"type":"Point","coordinates":[9.011389,39.286389]}},{"type":"Feature","properties":{"municipality_id":20092009,"metropoli":292,"flag_rau":1,"region_id":20,"province_fk":92,"station_municipality_fk":20092009,"station_code":"2009242","station_eu_code":"IT2056A","altitudine":33,"regione":"SARDEGNA","provincia":"Cagliari","comune":"Cagliari","nome_stazione":"CENCA1","tipo_zona":"U","tipo_stazione":"T","zona_tipo":"TU","station_start_time":"2011-10-14","station_end_time":"NULL","nome_comune":"Cagliari","Popolazione":149883,"zone_code":"IT2007","zone_name":"Agglomerato di Cagliari","zone_type_":"agg","NOTE":null,"geom":"0101000020E61000007B14AE47E13A2240A62897C62F9E4340"},"geometry":{"type":"Point","coordinates":[9.115,39.235833]}},{"type":"Feature","properties":{"municipality_id":20095047,"metropoli":95,"flag_rau":0,"region_id":20,"province_fk":95,"station_municipality_fk":20095047,"station_code":"2009504","station_eu_code":"IT2008A","altitudine":4,"regione":"SARDEGNA","provincia":"Oristano","comune":"Santa Giusta","nome_stazione":"CESGI1","tipo_zona":"U","tipo_stazione":"F","zona_tipo":"FU","station_start_time":"2011-02-17","station_end_time":"NULL","nome_comune":"Santa Giusta","Popolazione":4811,"zone_code":"IT2010","zone_name":"Zona Rurale","zone_type_":"noagg","NOTE":null,"geom":"0101000020E610000001FA7DFFE635214024EF1CCA50F14340"},"geometry":{"type":"Point","coordinates":[8.605278,39.885278]}},{"type":"Feature","properties":{"municipality_id":20090047,"metropoli":90,"flag_rau":1,"region_id":20,"province_fk":104,"station_municipality_fk":20104017,"station_code":"2010401","station_eu_code":"IT2005A","altitudine":17,"regione":"SARDEGNA","provincia":"Olbia-Tempio","comune":"Olbia","nome_stazione":"CEOLB1","tipo_zona":"S","tipo_stazione":"F","zona_tipo":"FS","station_start_time":"2010-10-14","station_end_time":"NULL","nome_comune":"Olbia","Popolazione":53307,"zone_code":"IT2008","zone_name":"Zona Urbana","zone_type_":"noagg","NOTE":null,"geom":"0101000020E61000007C0BEBC6BBFB22401F85EB51B8764440"},"geometry":{"type":"Point","coordinates":[9.491667,40.9275]}},{"type":"Feature","properties":{"municipality_id":9045003,"metropoli":45,"flag_rau":1,"region_id":9,"province_fk":45,"station_municipality_fk":9045003,"station_code":"904503","station_eu_code":"IT1819A","altitudine":98,"regione":"TOSCANA","provincia":"Massa Carrara","comune":"Carrara","nome_stazione":"MS-COLOMBAROTTO","tipo_zona":"U","tipo_stazione":"F","zona_tipo":"FU","station_start_time":"2007-06-01","station_end_time":"NULL","nome_comune":"Carrara","Popolazione":64689,"zone_code":"IT0908","zone_name":"Zona Costiera","zone_type_":"noagg","NOTE":null,"geom":"0101000020E610000047E7FC14C73124404A99D4D0060A4640"},"geometry":{"type":"Point","coordinates":[10.097222,44.078333]}},{"type":"Feature","properties":{"municipality_id":9045010,"metropoli":45,"flag_rau":1,"region_id":9,"province_fk":45,"station_municipality_fk":9045010,"station_code":"904506","station_eu_code":"IT2241A","altitudine":42,"regione":"TOSCANA","provincia":"Massa Carrara","comune":"Massa","nome_stazione":"MS-MARINA-VECCHIA","tipo_zona":"U","tipo_stazione":"T","zona_tipo":"TU","station_start_time":"2015-04-29","station_end_time":"NULL","nome_comune":"Massa","Popolazione":68856,"zone_code":"IT0908","zone_name":"Zona Costiera","zone_type_":"noagg","NOTE":null,"geom":"0101000020E6100000156F641EF9432440EB73B515FB034640"},"geometry":{"type":"Point","coordinates":[10.13276,44.0311]}},{"type":"Feature","properties":{"municipality_id":9046007,"metropoli":46,"flag_rau":0,"region_id":9,"province_fk":46,"station_municipality_fk":9046007,"station_code":"904601","station_eu_code":"IT1187A","altitudine":10,"regione":"TOSCANA","provincia":"Lucca","comune":"Capannori","nome_stazione":"LU-CAPANNORI","tipo_zona":"U","tipo_stazione":"F","zona_tipo":"FU","station_start_time":"1998-08-01","station_end_time":"NULL","nome_comune":"Capannori","Popolazione":44898,"zone_code":"IT0909","zone_name":"Zona Valdarno pisano e pianura lucchese","zone_type_":"noagg","NOTE":null,"geom":"0101000020E61000007B116DC7D4252540E4326E6AA0EB4540"},"geometry":{"type":"Point","coordinates":[10.573889,43.840833]}},{"type":"Feature","properties":{"municipality_id":9046017,"metropoli":46,"flag_rau":1,"region_id":9,"province_fk":46,"station_municipality_fk":9046017,"station_code":"904605","station_eu_code":"IT1001A","altitudine":15,"regione":"TOSCANA","provincia":"Lucca","comune":"Lucca","nome_stazione":"LU-MICHELETTO","tipo_zona":"U","tipo_stazione":"T","zona_tipo":"TU","station_start_time":"1994-12-01","station_end_time":"NULL","nome_comune":"Lucca","Popolazione":87200,"zone_code":"IT0909","zone_name":"Zona Valdarno pisano e pianura lucchese","zone_type_":"noagg","NOTE":null,"geom":"0101000020E6100000D8B628B341062540F2B5679604EC4540"},"geometry":{"type":"Point","coordinates":[10.51222,43.84389]}},{"type":"Feature","properties":{"municipality_id":9046033,"metropoli":46,"flag_rau":0,"region_id":9,"province_fk":46,"station_municipality_fk":9046033,"station_code":"904610","station_eu_code":"IT1186A","altitudine":3,"regione":"TOSCANA","provincia":"Lucca","comune":"Viareggio","nome_stazione":"LU-VIAREGGIO","tipo_zona":"U","tipo_stazione":"F","zona_tipo":"FU","station_start_time":"1998-08-01","station_end_time":"NULL","nome_comune":"Viareggio","Popolazione":61857,"zone_code":"IT0908","zone_name":"Zona Costiera","zone_type_":"noagg","NOTE":null,"geom":"0101000020E61000003D0AD7A3707D2440A725564623F14540"},"geometry":{"type":"Point","coordinates":[10.245,43.883889]}},{"type":"Feature","properties":{"municipality_id":9046002,"metropoli":46,"flag_rau":0,"region_id":9,"province_fk":46,"station_municipality_fk":9046002,"station_code":"904612","station_eu_code":"IT2239A","altitudine":130,"regione":"TOSCANA","provincia":"Lucca","comune":"Bagni di Lucca","nome_stazione":"LU-FORNOLI","tipo_zona":"U","tipo_stazione":"F","zona_tipo":"FU","station_start_time":"2009-01-09","station_end_time":"NULL","nome_comune":"Bagni di Lucca","Popolazione":6207,"zone_code":"IT0911","zone_name":"Zona collinare e montana","zone_type_":"noagg","NOTE":null,"geom":"0101000020E6100000745E6397A81E2540143FC6DCB5004640"},"geometry":{"type":"Point","coordinates":[10.55988,44.00555]}},{"type":"Feature","properties":{"municipality_id":9046017,"metropoli":46,"flag_rau":1,"region_id":9,"province_fk":46,"station_municipality_fk":9046017,"station_code":"904613","station_eu_code":"IT2240A","altitudine":13,"regione":"TOSCANA","provincia":"Lucca","comune":"Lucca","nome_stazione":"LU-SAN-CONCORDIO","tipo_zona":"U","tipo_stazione":"F","zona_tipo":"FU","station_start_time":"2015-04-16","station_end_time":"NULL","nome_comune":"Lucca","Popolazione":87200,"zone_code":"IT0909","zone_name":"Zona Valdarno pisano e pianura lucchese","zone_type_":"noagg","NOTE":null,"geom":"0101000020E6100000AA9A20EA3E00254011E4A08499EA4540"},"geometry":{"type":"Point","coordinates":[10.50048,43.83281]}},{"type":"Feature","properties":{"municipality_id":9047014,"metropoli":47,"flag_rau":1,"region_id":9,"province_fk":47,"station_municipality_fk":9047014,"station_code":"904702","station_eu_code":"IT1571A","altitudine":80,"regione":"TOSCANA","provincia":"Pistoia","comune":"Pistoia","nome_stazione":"PT-SIGNORELLI","tipo_zona":"U","tipo_stazione":"F","zona_tipo":"FU","station_start_time":"2000-12-01","station_end_time":"NULL","nome_comune":"Pistoia","Popolazione":89101,"zone_code":"IT0907","zone_name":"Zona Prato Pistoia","zone_type_":"noagg","NOTE":null,"geom":"0101000020E61000001D7233DC80CF25403F8C101E6DF84540"},"geometry":{"type":"Point","coordinates":[10.90528,43.94083]}},{"type":"Feature","properties":{"municipality_id":9047010,"metropoli":47,"flag_rau":0,"region_id":9,"province_fk":47,"station_municipality_fk":9047010,"station_code":"904705","station_eu_code":"IT1553A","altitudine":48,"regione":"TOSCANA","provincia":"Pistoia","comune":"Montale","nome_stazione":"PT-MONTALE","tipo_zona":"R","tipo_stazione":"F","zona_tipo":"FR","station_start_time":"2000-12-01","station_end_time":"NULL","nome_comune":"Montale","Popolazione":10682,"zone_code":"IT0907","zone_name":"Zona Prato Pistoia","zone_type_":"noagg","NOTE":null,"geom":"0101000020E61000008811C2A38D032640F0C4AC1743F54540"},"geometry":{"type":"Point","coordinates":[11.00694,43.91611]}},{"type":"Feature","properties":{"municipality_id":9100005,"metropoli":100,"flag_rau":1,"region_id":9,"province_fk":100,"station_municipality_fk":9100005,"station_code":"904805","station_eu_code":"IT1654A","altitudine":54,"regione":"TOSCANA","provincia":"Prato","comune":"Prato","nome_stazione":"PO-ROMA","tipo_zona":"U","tipo_stazione":"F","zona_tipo":"FU","station_start_time":"1997-11-04","station_end_time":"NULL","nome_comune":"Prato","Popolazione":185456,"zone_code":"IT0907","zone_name":"Zona Prato Pistoia","zone_type_":"noagg","NOTE":null,"geom":"0101000020E610000073637AC2122F26402B4D4A41B7EF4540"},"geometry":{"type":"Point","coordinates":[11.09194,43.87278]}},{"type":"Feature","properties":{"municipality_id":9048017,"metropoli":248,"flag_rau":1,"region_id":9,"province_fk":48,"station_municipality_fk":9048017,"station_code":"904809","station_eu_code":"IT0862A","altitudine":61,"regione":"TOSCANA","provincia":"Firenze","comune":"Firenze","nome_stazione":"FI-BASSI","tipo_zona":"U","tipo_stazione":"F","zona_tipo":"FU","station_start_time":"1992-12-22","station_end_time":"NULL","nome_comune":"Firenze","Popolazione":358079,"zone_code":"IT0906","zone_name":"Agglomerato di Firenze","zone_type_":"agg","NOTE":null,"geom":"0101000020E61000003333333333932640465F419AB1E44540"},"geometry":{"type":"Point","coordinates":[11.2875,43.78667]}},{"type":"Feature","properties":{"municipality_id":9048017,"metropoli":248,"flag_rau":1,"region_id":9,"province_fk":48,"station_municipality_fk":9048017,"station_code":"904810","station_eu_code":"IT0948A","altitudine":75,"regione":"TOSCANA","provincia":"Firenze","comune":"Firenze","nome_stazione":"FI-BOBOLI","tipo_zona":"U","tipo_stazione":"F","zona_tipo":"FU","station_start_time":"1994-04-01","station_end_time":"NULL","nome_comune":"Firenze","Popolazione":358079,"zone_code":"IT0906","zone_name":"Agglomerato di Firenze","zone_type_":"agg","NOTE":null,"geom":"0101000020E6100000E449D235937F26403524EEB1F4E14540"},"geometry":{"type":"Point","coordinates":[11.24917,43.76528]}},{"type":"Feature","properties":{"municipality_id":9048017,"metropoli":248,"flag_rau":1,"region_id":9,"province_fk":48,"station_municipality_fk":9048017,"station_code":"904811","station_eu_code":"IT0861A","altitudine":49,"regione":"TOSCANA","provincia":"Firenze","comune":"Firenze","nome_stazione":"FI-GRAMSCI","tipo_zona":"U","tipo_stazione":"T","zona_tipo":"TU","station_start_time":"1992-12-22","station_end_time":"NULL","nome_comune":"Firenze","Popolazione":358079,"zone_code":"IT0906","zone_name":"Agglomerato di Firenze","zone_type_":"agg","NOTE":null,"geom":"0101000020E61000005EA27A6B608B264042EC4CA1F3E24540"},"geometry":{"type":"Point","coordinates":[11.27222,43.77306]}},{"type":"Feature","properties":{"municipality_id":9048017,"metropoli":248,"flag_rau":1,"region_id":9,"province_fk":48,"station_municipality_fk":9048017,"station_code":"904812","station_eu_code":"IT0860A","altitudine":41,"regione":"TOSCANA","provincia":"Firenze","comune":"Firenze","nome_stazione":"FI-MOSSE","tipo_zona":"U","tipo_stazione":"T","zona_tipo":"TU","station_start_time":"1992-12-18","station_end_time":"NULL","nome_comune":"Firenze","Popolazione":358079,"zone_code":"IT0906","zone_name":"Agglomerato di Firenze","zone_type_":"agg","NOTE":null,"geom":"0101000020E61000002D3E05C0787626409B1BD31396E44540"},"geometry":{"type":"Point","coordinates":[11.23139,43.78583]}},{"type":"Feature","properties":{"municipality_id":9048041,"metropoli":248,"flag_rau":0,"region_id":9,"province_fk":48,"station_municipality_fk":9048041,"station_code":"904819","station_eu_code":"IT1551A","altitudine":45,"regione":"TOSCANA","provincia":"Firenze","comune":"Scandicci","nome_stazione":"FI-SCANDICCI","tipo_zona":"U","tipo_stazione":"F","zona_tipo":"FU","station_start_time":"1993-04-01","station_end_time":"NULL","nome_comune":"Scandicci","Popolazione":49765,"zone_code":"IT0906","zone_name":"Agglomerato di Firenze","zone_type_":"agg","NOTE":null,"geom":"0101000020E610000051A5660FB46226406284F068E3E04540"},"geometry":{"type":"Point","coordinates":[11.19278,43.75694]}},{"type":"Feature","properties":{"municipality_id":9048044,"metropoli":248,"flag_rau":0,"region_id":9,"province_fk":48,"station_municipality_fk":9048044,"station_code":"904831","station_eu_code":"IT2153A","altitudine":41,"regione":"TOSCANA","provincia":"Firenze","comune":"Signa","nome_stazione":"FI-SIGNA","tipo_zona":"U","tipo_stazione":"F","zona_tipo":"FU","station_start_time":"2014-01-01","station_end_time":"NULL","nome_comune":"Signa","Popolazione":17451,"zone_code":"IT0906","zone_name":"Agglomerato di Firenze","zone_type_":"agg","NOTE":null,"geom":"0101000020E6100000E0675C381032264004E275FD82E54540"},"geometry":{"type":"Point","coordinates":[11.09778,43.79306]}},{"type":"Feature","properties":{"municipality_id":9049012,"metropoli":49,"flag_rau":0,"region_id":9,"province_fk":49,"station_municipality_fk":9049012,"station_code":"904905","station_eu_code":"IT0063A","altitudine":37,"regione":"TOSCANA","provincia":"Livorno","comune":"Piombino","nome_stazione":"LI-COTONE","tipo_zona":"S","tipo_stazione":"I","zona_tipo":"IS","station_start_time":"2000-04-16","station_end_time":"NULL","nome_comune":"Piombino","Popolazione":34419,"zone_code":"IT0908","zone_name":"Zona Costiera","zone_type_":"noagg","NOTE":null,"geom":"0101000020E6100000723447567E112540C03DCF9F36784540"},"geometry":{"type":"Point","coordinates":[10.534167,42.939167]}},{"type":"Feature","properties":{"municipality_id":9049009,"metropoli":49,"flag_rau":1,"region_id":9,"province_fk":49,"station_municipality_fk":9049009,"station_code":"904908","station_eu_code":"IT1560A","altitudine":9,"regione":"TOSCANA","provincia":"Livorno","comune":"Livorno","nome_stazione":"LI-CARDUCCI","tipo_zona":"U","tipo_stazione":"T","zona_tipo":"TU","station_start_time":"2001-06-23","station_end_time":"NULL","nome_comune":"Livorno","Popolazione":157052,"zone_code":"IT0908","zone_name":"Zona Costiera","zone_type_":"noagg","NOTE":null,"geom":"0101000020E61000009BAC510FD1A82440F437A11001C74540"},"geometry":{"type":"Point","coordinates":[10.32972,43.55472]}},{"type":"Feature","properties":{"municipality_id":9049009,"metropoli":49,"flag_rau":1,"region_id":9,"province_fk":49,"station_municipality_fk":9049009,"station_code":"904911","station_eu_code":"IT1557A","altitudine":13,"regione":"TOSCANA","provincia":"Livorno","comune":"Livorno","nome_stazione":"LI-CAPPIELLO","tipo_zona":"U","tipo_stazione":"F","zona_tipo":"FU","station_start_time":"2001-09-13","station_end_time":"NULL","nome_comune":"Livorno","Popolazione":157052,"zone_code":"IT0908","zone_name":"Zona Costiera","zone_type_":"noagg","NOTE":null,"geom":"0101000020E6100000A5677A89B1A42440C3F5285C8FC24540"},"geometry":{"type":"Point","coordinates":[10.321667,43.52]}},{"type":"Feature","properties":{"municipality_id":9049012,"metropoli":49,"flag_rau":0,"region_id":9,"province_fk":49,"station_municipality_fk":9049012,"station_code":"904913","station_eu_code":"IT2154A","altitudine":40,"regione":"TOSCANA","provincia":"Livorno","comune":"Piombino","nome_stazione":"LI-PIOMBINO-PARCO-VIII-MARZO","tipo_zona":"U","tipo_stazione":"F","zona_tipo":"FU","station_start_time":"2014-04-10","station_end_time":"NULL","nome_comune":"Piombino","Popolazione":34419,"zone_code":"IT0908","zone_name":"Zona Costiera","zone_type_":"noagg","NOTE":null,"geom":"0101000020E6100000B1169F02600C2540C8EA56CF49774540"},"geometry":{"type":"Point","coordinates":[10.52417,42.93194]}},{"type":"Feature","properties":{"municipality_id":9049009,"metropoli":49,"flag_rau":1,"region_id":9,"province_fk":49,"station_municipality_fk":9049009,"station_code":"904914","station_eu_code":"IT2183A","altitudine":8,"regione":"TOSCANA","provincia":"Livorno","comune":"Livorno","nome_stazione":"LI-LA-PIRA","tipo_zona":"U","tipo_stazione":"F","zona_tipo":"FU","station_start_time":"2014-09-26","station_end_time":"NULL","nome_comune":"Livorno","Popolazione":157052,"zone_code":"IT0908","zone_name":"Zona Costiera","zone_type_":"noagg","NOTE":null,"geom":"0101000020E610000027C286A757AA2440E25817B7D1C84540"},"geometry":{"type":"Point","coordinates":[10.3327,43.5689]}},{"type":"Feature","properties":{"municipality_id":9050026,"metropoli":50,"flag_rau":1,"region_id":9,"province_fk":50,"station_municipality_fk":9050026,"station_code":"905001","station_eu_code":"IT1409A","altitudine":5,"regione":"TOSCANA","provincia":"Pisa","comune":"Pisa","nome_stazione":"PI-BORGHETTO","tipo_zona":"U","tipo_stazione":"T","zona_tipo":"TU","station_start_time":"1997-04-14","station_end_time":"NULL","nome_comune":"Pisa","Popolazione":85858,"zone_code":"IT0909","zone_name":"Zona Valdarno pisano e pianura lucchese","zone_type_":"noagg","NOTE":null,"geom":"0101000020E61000006E179AEB34D2244081785DBF60DB4540"},"geometry":{"type":"Point","coordinates":[10.41056,43.71389]}},{"type":"Feature","properties":{"municipality_id":9050027,"metropoli":50,"flag_rau":0,"region_id":9,"province_fk":50,"station_municipality_fk":9050027,"station_code":"905007","station_eu_code":"IT1149A","altitudine":353,"regione":"TOSCANA","provincia":"Pisa","comune":"Pomarance","nome_stazione":"PI-MONTECERBOLI","tipo_zona":"S","tipo_stazione":"F","zona_tipo":"FS","station_start_time":"2002-06-03","station_end_time":"NULL","nome_comune":"Pomarance","Popolazione":5845,"zone_code":"IT0911","zone_name":"Zona collinare e montana","zone_type_":"noagg","NOTE":null,"geom":"0101000020E6100000C4EC65DB69C325408A558330B79F4540"},"geometry":{"type":"Point","coordinates":[10.881667,43.247778]}},{"type":"Feature","properties":{"municipality_id":9050026,"metropoli":50,"flag_rau":1,"region_id":9,"province_fk":50,"station_municipality_fk":9050026,"station_code":"905008","station_eu_code":"IT1110A","altitudine":5,"regione":"TOSCANA","provincia":"Pisa","comune":"Pisa","nome_stazione":"PI-PASSI","tipo_zona":"U","tipo_stazione":"F","zona_tipo":"FU","station_start_time":"1997-04-14","station_end_time":"NULL","nome_comune":"Pisa","Popolazione":85858,"zone_code":"IT0909","zone_name":"Zona Valdarno pisano e pianura lucchese","zone_type_":"noagg","NOTE":null,"geom":"0101000020E6100000CEC3094CA7CD2440E42F2DEA93DE4540"},"geometry":{"type":"Point","coordinates":[10.401667,43.738889]}},{"type":"Feature","properties":{"municipality_id":9050033,"metropoli":50,"flag_rau":0,"region_id":9,"province_fk":50,"station_municipality_fk":9050033,"station_code":"905011","station_eu_code":"IT1071A","altitudine":16,"regione":"TOSCANA","provincia":"Pisa","comune":"Santa Croce sull'Arno","nome_stazione":"PI-SANTA-CROCE-COOP","tipo_zona":"S","tipo_stazione":"F/I","zona_tipo":"F/IS","station_start_time":"1997-01-01","station_end_time":"NULL","nome_comune":"Santa Croce sull'Arno","Popolazione":14061,"zone_code":"IT0909","zone_name":"Zona Valdarno pisano e pianura lucchese","zone_type_":"noagg","NOTE":null,"geom":"0101000020E61000000CCEE0EF178B2540B91B446B45DB4540"},"geometry":{"type":"Point","coordinates":[10.771667,43.713056]}},{"type":"Feature","properties":{"municipality_id":9051002,"metropoli":51,"flag_rau":1,"region_id":9,"province_fk":51,"station_municipality_fk":9051002,"station_code":"905103","station_eu_code":"IT0950A","altitudine":260,"regione":"TOSCANA","provincia":"Arezzo","comune":"Arezzo","nome_stazione":"AR-ACROPOLI","tipo_zona":"U","tipo_stazione":"F","zona_tipo":"FU","station_start_time":"1995-01-01","station_end_time":"NULL","nome_comune":"Arezzo","Popolazione":98144,"zone_code":"IT0910","zone_name":"Zona valdarno aretino e valdichiana","zone_type_":"noagg","NOTE":null,"geom":"0101000020E61000009E7B0F971CC72740E5ED08A705BB4540"},"geometry":{"type":"Point","coordinates":[11.88889,43.46111]}},{"type":"Feature","properties":{"municipality_id":9051002,"metropoli":51,"flag_rau":1,"region_id":9,"province_fk":51,"station_municipality_fk":9051002,"station_code":"905106","station_eu_code":"IT0832A","altitudine":256,"regione":"TOSCANA","provincia":"Arezzo","comune":"Arezzo","nome_stazione":"AR-REPUBBLICA","tipo_zona":"U","tipo_stazione":"T","zona_tipo":"TU","station_start_time":"1995-01-01","station_end_time":"NULL","nome_comune":"Arezzo","Popolazione":98144,"zone_code":"IT0910","zone_name":"Zona valdarno aretino e valdichiana","zone_type_":"noagg","NOTE":null,"geom":"0101000020E6100000C6C4E6E3DAC027403333333333BB4540"},"geometry":{"type":"Point","coordinates":[11.87667,43.4625]}},{"type":"Feature","properties":{"municipality_id":9051014,"metropoli":51,"flag_rau":0,"region_id":9,"province_fk":51,"station_municipality_fk":9051014,"station_code":"905108","station_eu_code":"IT1681A","altitudine":650,"regione":"TOSCANA","provincia":"Arezzo","comune":"Chitignano","nome_stazione":"AR-CASA-STABBI","tipo_zona":"R","tipo_stazione":"F","zona_tipo":"FR","station_start_time":"2005-04-23","station_end_time":"NULL","nome_comune":"Chitignano","Popolazione":933,"zone_code":"IT0911","zone_name":"Zona collinare e montana","zone_type_":"noagg","NOTE":null,"geom":"0101000020E61000009291B3B0A7CD2740F819170E84D44540"},"geometry":{"type":"Point","coordinates":[11.90167,43.66028]}},{"type":"Feature","properties":{"municipality_id":9052022,"metropoli":52,"flag_rau":0,"region_id":9,"province_fk":52,"station_municipality_fk":9052022,"station_code":"905204","station_eu_code":"IT2032A","altitudine":105,"regione":"TOSCANA","provincia":"Siena","comune":"Poggibonsi","nome_stazione":"SI-POGGIBONSI","tipo_zona":"U","tipo_stazione":"F","zona_tipo":"FU","station_start_time":"2010-06-22","station_end_time":"NULL","nome_comune":"Poggibonsi","Popolazione":28952,"zone_code":"IT0911","zone_name":"Zona collinare e montana","zone_type_":"noagg","NOTE":null,"geom":"0101000020E61000000DFD135CAC482640F819170E84BC4540"},"geometry":{"type":"Point","coordinates":[11.14194,43.47278]}},{"type":"Feature","properties":{"municipality_id":9052032,"metropoli":52,"flag_rau":1,"region_id":9,"province_fk":52,"station_municipality_fk":9052032,"station_code":"905205","station_eu_code":"IT2184A","altitudine":316,"regione":"TOSCANA","provincia":"Siena","comune":"Siena","nome_stazione":"SI-BRACCI","tipo_zona":"U","tipo_stazione":"T","zona_tipo":"TU","station_start_time":"2014-09-10","station_end_time":"NULL","nome_comune":"Siena","Popolazione":52839,"zone_code":"IT0911","zone_name":"Zona collinare e montana","zone_type_":"noagg","NOTE":null,"geom":"0101000020E61000006666666666A626405E4BC8073DAB4540"},"geometry":{"type":"Point","coordinates":[11.325,43.3378]}},{"type":"Feature","properties":{"municipality_id":9053011,"metropoli":53,"flag_rau":1,"region_id":9,"province_fk":53,"station_municipality_fk":9053011,"station_code":"905301","station_eu_code":"IT1593A","altitudine":10,"regione":"TOSCANA","provincia":"Grosseto","comune":"Grosseto","nome_stazione":"GR-URSS","tipo_zona":"U","tipo_stazione":"F","zona_tipo":"FU","station_start_time":"2004-01-01","station_end_time":"NULL","nome_comune":"Grosseto","Popolazione":78630,"zone_code":"IT0908","zone_name":"Zona Costiera","zone_type_":"noagg","NOTE":null,"geom":"0101000020E61000002254A9D9033D2640562B137EA9634540"},"geometry":{"type":"Point","coordinates":[11.11917,42.77861]}},{"type":"Feature","properties":{"municipality_id":9053011,"metropoli":53,"flag_rau":1,"region_id":9,"province_fk":53,"station_municipality_fk":9053011,"station_code":"905302","station_eu_code":"IT1592A","altitudine":10,"regione":"TOSCANA","provincia":"Grosseto","comune":"Grosseto","nome_stazione":"GR-SONNINO","tipo_zona":"U","tipo_stazione":"T","zona_tipo":"TU","station_start_time":"2016-01-14","station_end_time":"NULL","nome_comune":"Grosseto","Popolazione":78630,"zone_code":"IT0908","zone_name":"Zona Costiera","zone_type_":"noagg","NOTE":null,"geom":"0101000020E6100000B81E85EB513826409A99999999614540"},"geometry":{"type":"Point","coordinates":[11.11,42.7625]}},{"type":"Feature","properties":{"municipality_id":9100005,"metropoli":100,"flag_rau":1,"region_id":9,"province_fk":100,"station_municipality_fk":9100005,"station_code":"910003","station_eu_code":"IT0945A","altitudine":62,"regione":"TOSCANA","provincia":"Prato","comune":"Prato","nome_stazione":"PO-FERRUCCI","tipo_zona":"U","tipo_stazione":"T","zona_tipo":"TU","station_start_time":"1994-02-01","station_end_time":"NULL","nome_comune":"Prato","Popolazione":185456,"zone_code":"IT0907","zone_name":"Zona Prato Pistoia","zone_type_":"noagg","NOTE":null,"geom":"0101000020E610000084D89942E73526401D9430D3F6EF4540"},"geometry":{"type":"Point","coordinates":[11.10528,43.87472]}},{"type":"Feature","properties":{"municipality_id":10054039,"metropoli":54,"flag_rau":1,"region_id":10,"province_fk":54,"station_municipality_fk":10054039,"station_code":"1005401","station_eu_code":"IT1180A","altitudine":290,"regione":"UMBRIA","provincia":"Perugia","comune":"Perugia","nome_stazione":"CORTONESE","tipo_zona":"U","tipo_stazione":"F","zona_tipo":"FU","station_start_time":"2008-01-01","station_end_time":"NULL","nome_comune":"Perugia","Popolazione":162449,"zone_code":"IT1007","zone_name":"Zona di valle","zone_type_":"noagg","NOTE":null,"geom":"0101000020E6100000257A19C572BB28404CC3F011318D4540"},"geometry":{"type":"Point","coordinates":[12.36611,43.10306]}},{"type":"Feature","properties":{"municipality_id":10054039,"metropoli":54,"flag_rau":1,"region_id":10,"province_fk":54,"station_municipality_fk":10054039,"station_code":"1005403","station_eu_code":"IT1182A","altitudine":197,"regione":"UMBRIA","provincia":"Perugia","comune":"Perugia","nome_stazione":"P.S.GIOVANNI","tipo_zona":"U","tipo_stazione":"T","zona_tipo":"TU","station_start_time":"2008-01-01","station_end_time":"NULL","nome_comune":"Perugia","Popolazione":162449,"zone_code":"IT1007","zone_name":"Zona di valle","zone_type_":"noagg","NOTE":null,"geom":"0101000020E6100000A796ADF545E2284081785DBF608B4540"},"geometry":{"type":"Point","coordinates":[12.44194,43.08889]}},{"type":"Feature","properties":{"municipality_id":10054051,"metropoli":54,"flag_rau":0,"region_id":10,"province_fk":54,"station_municipality_fk":10054051,"station_code":"1005406","station_eu_code":"IT1860A","altitudine":319,"regione":"UMBRIA","provincia":"Perugia","comune":"Spoleto","nome_stazione":"Piazza Vittoria","tipo_zona":"U","tipo_stazione":"F","zona_tipo":"FU","station_start_time":"2008-01-01","station_end_time":"NULL","nome_comune":"Spoleto","Popolazione":38429,"zone_code":"IT1007","zone_name":"Zona di valle","zone_type_":"noagg","NOTE":null,"geom":"0101000020E61000000CEA5BE6747929403B191C25AF5E4540"},"geometry":{"type":"Point","coordinates":[12.73722,42.73972]}},{"type":"Feature","properties":{"municipality_id":10054018,"metropoli":54,"flag_rau":1,"region_id":10,"province_fk":54,"station_municipality_fk":10054018,"station_code":"1005407","station_eu_code":"IT1900A","altitudine":234,"regione":"UMBRIA","provincia":"Perugia","comune":"Foligno","nome_stazione":"PORTA ROMANA","tipo_zona":"U","tipo_stazione":"T","zona_tipo":"TU","station_start_time":"2008-01-01","station_end_time":"NULL","nome_comune":"Foligno","Popolazione":56045,"zone_code":"IT1007","zone_name":"Zona di valle","zone_type_":"noagg","NOTE":null,"geom":"0101000020E61000009886E123626A2940CB4A9352D0794540"},"geometry":{"type":"Point","coordinates":[12.70778,42.95167]}},{"type":"Feature","properties":{"municipality_id":10054024,"metropoli":54,"flag_rau":0,"region_id":10,"province_fk":54,"station_municipality_fk":10054024,"station_code":"1005408","station_eu_code":"IT1901A","altitudine":498,"regione":"UMBRIA","provincia":"Perugia","comune":"Gubbio","nome_stazione":"PIAZZA 40 MARTIRI","tipo_zona":"U","tipo_stazione":"F","zona_tipo":"FU","station_start_time":"2008-01-01","station_end_time":"NULL","nome_comune":"Gubbio","Popolazione":32432,"zone_code":"IT1006","zone_name":"Zona collinare e montuosa","zone_type_":"noagg","NOTE":null,"geom":"0101000020E61000009E7B0F971C272940695721E527AD4540"},"geometry":{"type":"Point","coordinates":[12.57639,43.35278]}},{"type":"Feature","properties":{"municipality_id":10054039,"metropoli":54,"flag_rau":1,"region_id":10,"province_fk":54,"station_municipality_fk":10054039,"station_code":"1005410","station_eu_code":"IT2004A","altitudine":305,"regione":"UMBRIA","provincia":"Perugia","comune":"Perugia","nome_stazione":"FONTIVEGGE1","tipo_zona":"U","tipo_stazione":"T","zona_tipo":"TU","station_start_time":"2010-02-26","station_end_time":"NULL","nome_comune":"Perugia","Popolazione":162449,"zone_code":"IT1007","zone_name":"Zona di valle","zone_type_":"noagg","NOTE":null,"geom":"0101000020E61000007250C24CDBBF28407632384A5E8D4540"},"geometry":{"type":"Point","coordinates":[12.37472,43.10444]}},{"type":"Feature","properties":{"municipality_id":10054013,"metropoli":54,"flag_rau":0,"region_id":10,"province_fk":54,"station_municipality_fk":10054013,"station_code":"1005418","station_eu_code":"IT2105A","altitudine":284,"regione":"UMBRIA","provincia":"Perugia","comune":"Citt di Castello","nome_stazione":"C Castello","tipo_zona":"U","tipo_stazione":"F","zona_tipo":"FU","station_start_time":"2013-01-01","station_end_time":"NULL","nome_comune":"Citt di Castello","Popolazione":40064,"zone_code":"IT1007","zone_name":"Zona di valle","zone_type_":"noagg","NOTE":null,"geom":"0101000020E61000001D8EAED2DD7D28403D0D18247DBA4540"},"geometry":{"type":"Point","coordinates":[12.245833,43.456944]}},{"type":"Feature","properties":{"municipality_id":10055032,"metropoli":55,"flag_rau":1,"region_id":10,"province_fk":55,"station_municipality_fk":10055032,"station_code":"1005502","station_eu_code":"IT1011A","altitudine":128,"regione":"UMBRIA","provincia":"Terni","comune":"Terni","nome_stazione":"CARRARA","tipo_zona":"U","tipo_stazione":"T","zona_tipo":"TU","station_start_time":"2008-01-01","station_end_time":"NULL","nome_comune":"Terni","Popolazione":109193,"zone_code":"IT1008","zone_name":"Zona della Conca Ternana","zone_type_":"noagg","NOTE":null,"geom":"0101000020E6100000E882FA96394D294048E17A14AE474540"},"geometry":{"type":"Point","coordinates":[12.65083,42.56]}},{"type":"Feature","properties":{"municipality_id":10055032,"metropoli":55,"flag_rau":1,"region_id":10,"province_fk":55,"station_municipality_fk":10055032,"station_code":"1005512","station_eu_code":"IT1365A","altitudine":156,"regione":"UMBRIA","provincia":"Terni","comune":"Terni","nome_stazione":"BORGO RIVO","tipo_zona":"U","tipo_stazione":"F","zona_tipo":"FU","station_start_time":"2008-01-01","station_end_time":"NULL","nome_comune":"Terni","Popolazione":109193,"zone_code":"IT1008","zone_name":"Zona della Conca Ternana","zone_type_":"noagg","NOTE":null,"geom":"0101000020E6100000C8EA56CF493F2940FC1D8A027D4A4540"},"geometry":{"type":"Point","coordinates":[12.62361,42.58194]}},{"type":"Feature","properties":{"municipality_id":10055032,"metropoli":55,"flag_rau":1,"region_id":10,"province_fk":55,"station_municipality_fk":10055032,"station_code":"1005515","station_eu_code":"IT1728A","altitudine":138,"regione":"UMBRIA","provincia":"Terni","comune":"Terni","nome_stazione":"Le Grazie","tipo_zona":"U","tipo_stazione":"T","zona_tipo":"TU","station_start_time":"2008-01-01","station_end_time":"NULL","nome_comune":"Terni","Popolazione":109193,"zone_code":"IT1008","zone_name":"Zona della Conca Ternana","zone_type_":"noagg","NOTE":null,"geom":"0101000020E61000009291B3B0A74D29403B191C25AF464540"},"geometry":{"type":"Point","coordinates":[12.65167,42.55222]}},{"type":"Feature","properties":{"municipality_id":10055004,"metropoli":55,"flag_rau":0,"region_id":10,"province_fk":55,"station_municipality_fk":10055004,"station_code":"1005516","station_eu_code":"IT2109A","altitudine":329,"regione":"UMBRIA","provincia":"Terni","comune":"Amelia","nome_stazione":"Amelia","tipo_zona":"U","tipo_stazione":"F","zona_tipo":"FU","station_start_time":"2013-05-15","station_end_time":"NULL","nome_comune":"Amelia","Popolazione":11781,"zone_code":"IT1006","zone_name":"Zona collinare e montuosa","zone_type_":"noagg","NOTE":null,"geom":"0101000020E6100000CCD24ECDE5D62840999CDA19A6464540"},"geometry":{"type":"Point","coordinates":[12.419722,42.551944]}},{"type":"Feature","properties":{"municipality_id":10055023,"metropoli":55,"flag_rau":0,"region_id":10,"province_fk":55,"station_municipality_fk":10055023,"station_code":"1005517","station_eu_code":"IT2113A","altitudine":143,"regione":"UMBRIA","provincia":"Terni","comune":"Orvieto","nome_stazione":"Ciconia2","tipo_zona":"S","tipo_stazione":"F","zona_tipo":"FS","station_start_time":"2013-11-01","station_end_time":"NULL","nome_comune":"Orvieto","Popolazione":21064,"zone_code":"IT1007","zone_name":"Zona di valle","zone_type_":"noagg","NOTE":null,"geom":"0101000020E610000086E28E37F945284024F25D4A5D5E4540"},"geometry":{"type":"Point","coordinates":[12.136667,42.737222]}}]}